geo_point_2d;geo_shape;ambulancer;bikeage_gr;bike_age;bike_dir;bike_injur;bike_pos;bike_race;bike_sex;city;county;crashalcoh;crashday;crash_grp;crash_loc;crash_mont;crash_time;crash_type;crash_year;crsh_sevri;developmen;drvrage_gr;drvr_age;drvr_alc_d;drvr_estsp;drvr_injur;drvr_race;drvr_sex;drvr_vehty;excsspdind;hit_run;light_cond;locality;num_lanes;num_units;rd_charact;rd_class;rd_conditi;rd_config;rd_defects;rd_feature;rd_surface;rural_urba;speed_limi;traff_cntr;weather;workzone_i
"35.9021470911; -79.0442727384";"{""type"": ""Point"", ""coordinates"": [-79.0442727384287, 35.90214709107797]}";Yes;20-24;21;With Traffic;B: Evident Injury;Travel Lane;White;Male;Chapel Hill;Orange;No;Wednesday;Motorist Left Turn / Merge;Intersection;September;10:52;Motorist Left Turn - Opposite Direction;2009;B: Evident Injury;Institutional;40-49;40;No;6-10 mph;Unknown Injury;Black;Male;Pickup;No;No;Unknown;Urban (>70% Developed);6 lanes;2.0;Straight - Bottom;Local Street;Dry;Two-Way, Divided, Unprotected Median;None;No Special Feature;Smooth Asphalt;Urban;20 - 25  MPH;No Control Present;Clear;No
"35.9110100003; -79.072";"{""type"": ""Point"", ""coordinates"": [-79.07200000001718, 35.91101000029831]}";Yes;30-39;37;With Traffic;C: Possible Injury;Travel Lane;White;Male;Carrboro;Orange;No;Saturday;Bicyclist Overtaking Motorist;Non-Intersection;March;19:03;Bicyclist Overtaking - Passing on Right;2013;C: Possible Injury;Commercial;20-24;20;No;0-5 mph;O: No Injury;White;Female;Passenger Car;No;No;Daylight;Urban (>70% Developed);3 lanes;2.0;Straight - Level;Local Street;Dry;Two-Way, Not Divided;None;Four-Way Intersection;Coarse Asphalt;Urban;20 - 25  MPH;Stop And Go Signal;Clear;No
"35.9118040928; -79.0595927434";"{""type"": ""Point"", ""coordinates"": [-79.05959274344367, 35.91180409275102]}";No;25-29;27;With Traffic;C: Possible Injury;Sidewalk / Crosswalk / Driveway Crossing;White;Female;Chapel Hill;Orange;No;Tuesday;Crossing Paths - Other Circumstances;Intersection;December;18:07;Signalized Intersection - Other / Unknown;2008;C: Possible Injury;Commercial;20-24;21;No;0-5 mph;O: No Injury;White;Female;Passenger Car;No;No;Dark - Lighted Roadway;Urban (>70% Developed);Unknown;2.0;Straight - Level;Public Vehicular Area;Wet;Two-Way, Not Divided;None;No Special Feature;Smooth Asphalt;Urban;5 - 15 MPH;Stop And Go Signal;Cloudy;No
"35.9085270923; -79.0529027408";"{""type"": ""Point"", ""coordinates"": [-79.05290274075288, 35.90852709226568]}";Yes;16-19;18;With Traffic;B: Evident Injury;Sidewalk / Crosswalk / Driveway Crossing;Black;Female;Chapel Hill;Orange;No;Wednesday;Bicyclist Failed to Yield - Signalized Intersection;Intersection;December;10:41;Bicyclist Failed to Clear - Multiple Threat;2012;B: Evident Injury;Institutional;25-29;26;No;0-5 mph;O: No Injury;White;Female;Sport Utility;No;No;Daylight;Urban (>70% Developed);3 lanes;2.0;Straight - Level;Local Street;Dry;Two-Way, Not Divided;None;No Special Feature;Smooth Asphalt;Urban;20 - 25  MPH;Stop And Go Signal;Cloudy;No
"35.9118870925; -79.0587027427";"{""type"": ""Point"", ""coordinates"": [-79.05870274274987, 35.911887092475624]}";No;16-19;16;Facing Traffic;C: Possible Injury;Sidewalk / Crosswalk / Driveway Crossing;Black;Male;Chapel Hill;Orange;No;Tuesday;Motorist Failed to Yield - Midblock;Non-Intersection;July;15:00;Motorist Drive Out - Commercial Driveway / Alley;2011;C: Possible Injury;Commercial;0-19;19;No;0-5 mph;O: No Injury;White;Female;Passenger Car;No;No;Daylight;Urban (>70% Developed);Unknown;2.0;Straight - Level;Public Vehicular Area;Dry;Two-Way, Not Divided;None;Driveway, Private;Smooth Asphalt;Urban;5 - 15 MPH;No Control Present;Clear;No
"35.8985020883; -79.1079227576";"{""type"": ""Point"", ""coordinates"": [-79.10792275758902, 35.898502088327156]}";Yes;30-39;33;With Traffic;C: Possible Injury;Travel Lane;White;Female;None - Rural Crash;Orange;No;Thursday;Motorist Overtaking Bicyclist;Non-Intersection;September;13:43;Motorist Overtaking - Other / Unknown;2008;C: Possible Injury;Farms, Woods, Pastures;50-59;53;No;41-45 mph;O: No Injury;White;Male;Pickup;No;No;Daylight;Rural (<30% Developed);2 lanes;2.0;Curve - Grade;State Secondary Route;Dry;Two-Way, Not Divided;None;No Special Feature;Smooth Asphalt;Rural;40 - 45  MPH;Double Yellow Line, No Passing Zone;Clear;No
"35.9106740925; -79.0542627417";"{""type"": ""Point"", ""coordinates"": [-79.05426274165018, 35.91067409248638]}";Yes;20-24;21;With Traffic;B: Evident Injury;Travel Lane;White;Female;Chapel Hill;Orange;Yes;Thursday;Motorist Failed to Yield - Signalized Intersection;Intersection;August;16:15;Motorist Drive Through - Signalized Intersection;2009;B: Evident Injury;Institutional;20-24;22;Yes;11-15 mph;O: No Injury;White;Male;Passenger Car;No;No;Daylight;Urban (>70% Developed);Unknown;2.0;Straight - Grade;Local Street;Dry;One-Way, Not Divided;None;No Special Feature;Coarse Asphalt;Urban;20 - 25  MPH;Stop And Go Signal;Clear;No
"35.9130010937; -79.0478327403";"{""type"": ""Point"", ""coordinates"": [-79.04783274031658, 35.91300109373198]}";Yes;50-59;54;With Traffic;B: Evident Injury;Travel Lane;White;Male;Chapel Hill;Orange;No;Thursday;Motorist Overtaking Bicyclist;Non-Intersection;September;7:46;Motorist Overtaking - Misjudged Space;2009;B: Evident Injury;Institutional;60-69;67;No;0-5 mph;O: No Injury;Black;Male;Commercial Bus;No;No;Daylight;Urban (>70% Developed);4 lanes;2.0;Straight - Grade;Local Street;Dry;Two-Way, Not Divided;None;No Special Feature;Coarse Asphalt;Urban;20 - 25  MPH;Stop And Go Signal;Cloudy;No
"35.9326740986; -79.0112527299";"{""type"": ""Point"", ""coordinates"": [-79.01125272986329, 35.93267409858912]}";Yes;40-49;48;With Traffic;C: Possible Injury;Travel Lane;White;Female;Chapel Hill;Orange;No;Sunday;Motorist Left Turn / Merge;Intersection;March;18:01;Motorist Left Turn - Opposite Direction;2008;C: Possible Injury;Residential;70+;70+;No;16-20 mph;O: No Injury;White;Female;Passenger Car;No;No;Daylight;Urban (>70% Developed);2 lanes;2.0;Straight - Level;Local Street;Dry;Two-Way, Not Divided;None;Four-Way Intersection;Smooth Asphalt;Urban;30 - 35  MPH;No Control Present;Clear;No
"35.9123220924; -79.0779427486";"{""type"": ""Point"", ""coordinates"": [-79.07794274864487, 35.912322092417476]}";Yes;30-39;30;With Traffic;B: Evident Injury;Travel Lane;White;Male;Carrboro;Orange;Yes;Friday;Motorist Left Turn / Merge;Intersection;February;22:47;Motorist Left Turn - Opposite Direction;2008;B: Evident Injury;Residential;40-49;43;No;16-20 mph;O: No Injury;Asian;Male;Passenger Car;No;No;Dark - Lighted Roadway;Urban (>70% Developed);3 lanes;2.0;Straight - Level;Local Street;Dry;Two-Way, Not Divided;None;T-Intersection;Coarse Asphalt;Urban;20 - 25  MPH;Stop Sign;Clear;No
"35.9073970913; -79.0631527442";"{""type"": ""Point"", ""coordinates"": [-79.0631527442048, 35.90739709134507]}";Yes;25-29;26;With Traffic;C: Possible Injury;Travel Lane;White;Male;Chapel Hill;Orange;No;Thursday;Motorist Right Turn / Merge;Intersection;January;11:13;Motorist Right Turn - Same Direction;2010;C: Possible Injury;Residential;50-59;59;No;16-20 mph;O: No Injury;Black;Male;Pickup;No;No;Daylight;Urban (>70% Developed);2 lanes;2.0;Straight - Level;Local Street;Dry;Two-Way, Not Divided;None;No Special Feature;Smooth Asphalt;Urban;20 - 25  MPH;Other;Clear;No
"35.9271500975; -79.0274077347";"{""type"": ""Point"", ""coordinates"": [-79.02740773469561, 35.92715009747198]}";Yes;20-24;21;Not Applicable;B: Evident Injury;Non-Roadway;White;Male;Chapel Hill;Orange;No;Saturday;Non-Roadway;Non-Roadway;June;22:54;Non-Roadway;2010;B: Evident Injury;Commercial;50-59;55;No;Unknown;Unknown Injury;White;Male;Passenger Car;No;No;Dark - Lighted Roadway;Urban (>70% Developed);Unknown;2.0;Straight - Level;Public Vehicular Area;Dry;Two-Way, Not Divided;None;Driveway, Public;Smooth Asphalt;Urban;20 - 25  MPH;Stop Sign;Clear;No
"35.9470470974; -79.1304027669";"{""type"": ""Point"", ""coordinates"": [-79.13040276686904, 35.947047097397665]}";Yes;20-24;23;With Traffic;A: Disabling Injury;Travel Lane;White;Female;None - Rural Crash;Orange;No;Thursday;Motorist Right Turn / Merge;Intersection;April;17:26;Motorist Right Turn - Same Direction;2011;A: Disabling Injury;Farms, Woods, Pastures;25-29;25;No;41-45 mph;O: No Injury;Black;Female;Passenger Car;No;No;Daylight;Rural (<30% Developed);2 lanes;2.0;Straight - Grade;State Secondary Route;Dry;Two-Way, Not Divided;None;T-Intersection;Smooth Asphalt;Rural;50 - 55  MPH;Double Yellow Line, No Passing Zone;Clear;No
"35.9045470908; -79.0647027444";"{""type"": ""Point"", ""coordinates"": [-79.06470274439813, 35.90454709079032]}";Yes;16-19;19;Facing Traffic;B: Evident Injury;Sidewalk / Crosswalk / Driveway Crossing;White;Female;Chapel Hill;Orange;No;Friday;Motorist Failed to Yield - Sign-Controlled Intersection;Intersection;April;13:55;Motorist Drive Out - Sign-Controlled Intersection;2012;B: Evident Injury;Residential;60-69;60;No;Unknown;O: No Injury;White;Male;Pickup;No;No;Daylight;Urban (>70% Developed);5 lanes;2.0;Straight - Grade;Local Street;Dry;Two-Way, Not Divided;None;T-Intersection;Smooth Asphalt;Urban;20 - 25  MPH;Stop Sign;Clear;No
"35.9070700915; -79.0638927439";"{""type"": ""Point"", ""coordinates"": [-79.0638927439405, 35.90707009152705]}";No;20-24;21;With Traffic;C: Possible Injury;Sidewalk / Crosswalk / Driveway Crossing;Asian;Female;Carrboro;Orange;No;Thursday;Bicyclist Left Turn / Merge;Intersection;September;7:49;Bicyclist Left Turn - Opposite Direction;2010;C: Possible Injury;Commercial;40-49;47;No;6-10 mph;O: No Injury;Black;Female;Passenger Car;No;No;Daylight;Urban (>70% Developed);2 lanes;2.0;Curve - Grade;Local Street;Dry;Two-Way, Not Divided;None;T-Intersection;Smooth Asphalt;Urban;20 - 25  MPH;Stop And Go Signal;Clear;No
"35.9117170925; -79.0593027432";"{""type"": ""Point"", ""coordinates"": [-79.05930274316084, 35.91171709249585]}";Yes;20-24;24;With Traffic;B: Evident Injury;Travel Lane;White;Male;Chapel Hill;Orange;No;Wednesday;Motorist Left Turn / Merge;Non-Intersection;February;16:23;Motorist Left Turn - Opposite Direction;2012;B: Evident Injury;Commercial;20-24;22;No;6-10 mph;O: No Injury;White;Female;Passenger Car;No;No;Daylight;Urban (>70% Developed);4 lanes;2.0;Straight - Grade;Local Street;Dry;Two-Way, Not Divided;None;No Special Feature;Smooth Asphalt;Urban;20 - 25  MPH;No Control Present;Clear;No
"35.9088670919; -79.0593327425";"{""type"": ""Point"", ""coordinates"": [-79.05933274254652, 35.908867091884694]}";No;16-19;19;With Traffic;B: Evident Injury;Travel Lane;White;Female;Chapel Hill;Orange;No;Saturday;Motorist Right Turn / Merge;Intersection;September;21:24;Motorist Right Turn - Same Direction;2010;B: Evident Injury;Residential;Unknown;Unknown;Missing;Unknown;Unknown Injury;Unknown/Missing;Unknown;Passenger Car;No;Yes;Dark - Lighted Roadway;Urban (>70% Developed);4 lanes;2.0;Straight - Level;Local Street;Dry;Two-Way, Not Divided;None;T-Intersection;Smooth Asphalt;Urban;Unknown;No Control Present;Clear;No
"35.9111440925; -79.0637527441";"{""type"": ""Point"", ""coordinates"": [-79.06375274410756, 35.91114409246256]}";Yes;30-39;38;With Traffic;B: Evident Injury;Travel Lane;White;Male;Chapel Hill;Orange;No;Saturday;Motorist Left Turn / Merge;Intersection;October;16:58;Motorist Left Turn - Opposite Direction;2010;B: Evident Injury;Commercial;60-69;68;No;16-20 mph;O: No Injury;White;Female;Passenger Car;No;No;Daylight;Urban (>70% Developed);2 lanes;2.0;Straight - Level;Local Street;Dry;Two-Way, Not Divided;None;T-Intersection;Smooth Asphalt;Urban;20 - 25  MPH;Stop And Go Signal;Clear;No
"35.9141340939; -79.045082739";"{""type"": ""Point"", ""coordinates"": [-79.04508273895367, 35.914134093872065]}";Yes;25-29;27;With Traffic;C: Possible Injury;Travel Lane;White;Male;Chapel Hill;Orange;No;Saturday;Bicyclist Overtaking Motorist;Intersection-Related;February;12:07;Bicyclist Overtaking - Passing on Right;2009;C: Possible Injury;Institutional;20-24;22;No;0-5 mph;O: No Injury;White;Female;Passenger Car;No;No;Daylight;Urban (>70% Developed);2 lanes;2.0;Curve - Grade;Local Street;Dry;Two-Way, Divided, Unprotected Median;None;No Special Feature;Smooth Asphalt;Urban;20 - 25  MPH;Double Yellow Line, No Passing Zone;Clear;No
"35.9086970922; -79.0499327405";"{""type"": ""Point"", ""coordinates"": [-79.04993274050086, 35.90869709215578]}";No;20-24;21;With Traffic;C: Possible Injury;Travel Lane;White;Male;Chapel Hill;Orange;No;Wednesday;Motorist Left Turn / Merge;Intersection;April;17:28;Motorist Left Turn - Opposite Direction;2008;C: Possible Injury;Institutional;20-24;24;No;Unknown;O: No Injury;White;Female;Passenger Car;No;No;Daylight;Urban (>70% Developed);2 lanes;2.0;Straight - Level;Local Street;Dry;Two-Way, Divided, Unprotected Median;None;No Special Feature;Smooth Asphalt;Urban;Unknown;Missing;Clear;No
"35.9638401042; -79.0581327461";"{""type"": ""Point"", ""coordinates"": [-79.05813274613807, 35.963840104205616]}";No;20-24;22;Facing Traffic;B: Evident Injury;Sidewalk / Crosswalk / Driveway Crossing;White;Male;Chapel Hill;Orange;No;Thursday;Motorist Failed to Yield - Signalized Intersection;Intersection;May;16:23;Motorist Drive Out - Signalized Intersection;2010;B: Evident Injury;Commercial;50-59;54;No;6-10 mph;O: No Injury;White;Female;Passenger Car;No;No;Daylight;Urban (>70% Developed);6 lanes;2.0;Straight - Level;NC Route;Dry;Two-Way, Divided, Unprotected Median;None;Four-Way Intersection;Smooth Asphalt;Urban;30 - 35  MPH;Stop And Go Signal;Clear;No
"35.9032130918; -79.0479327393";"{""type"": ""Point"", ""coordinates"": [-79.04793273926721, 35.90321309175756]}";Yes;20-24;20;With Traffic;B: Evident Injury;Sidewalk / Crosswalk / Driveway Crossing;Asian;Female;Chapel Hill;Orange;No;Thursday;Parallel Paths - Other Circumstances;Non-Intersection;October;15:34;Bicyclist Ride Out - Parallel Path;2010;B: Evident Injury;Institutional;25-29;27;No;11-15 mph;Unknown Injury;Black;Male;Other Bus;No;No;Daylight;Mixed (30% To 70% Developed);4 lanes;2.0;Straight - Level;Local Street;Dry;Two-Way, Not Divided;None;No Special Feature;Smooth Asphalt;Urban;20 - 25  MPH;Stop And Go Signal;Clear;No
"35.9278670923; -79.1747427788";"{""type"": ""Point"", ""coordinates"": [-79.17474277880629, 35.92786709233094]}";No;50-59;51;With Traffic;B: Evident Injury;Travel Lane;White;Male;None - Rural Crash;Orange;No;Thursday;Motorist Overtaking Bicyclist;Non-Intersection;April;20:38;Motorist Overtaking - Undetected Bicyclist;2008;B: Evident Injury;Farms, Woods, Pastures;40-49;49;No;41-45 mph;O: No Injury;Black;Male;Sport Utility;No;No;Dark - Roadway Not Lighted;Mixed (30% To 70% Developed);2 lanes;2.0;Straight - Level;State Secondary Route;Dry;Two-Way, Not Divided;None;No Special Feature;Smooth Asphalt;Rural;40 - 45  MPH;Double Yellow Line, No Passing Zone;Clear;No
"35.9097320913; -79.0904327522";"{""type"": ""Point"", ""coordinates"": [-79.09043275215946, 35.90973209128756]}";No;40-49;42;With Traffic;C: Possible Injury;Bike Lane / Paved Shoulder;Asian;Female;Carrboro;Orange;No;Thursday;Motorist Overtaking Bicyclist;Non-Intersection;December;7:52;Motorist Overtaking - Bicyclist Swerved;2007;C: Possible Injury;Residential;50-59;58;No;36-40 mph;O: No Injury;White;Male;Passenger Car;No;No;Daylight;Rural (<30% Developed);4 lanes;2.0;Straight - Level;NC Route;Dry;Two-Way, Not Divided;None;No Special Feature;Smooth Asphalt;Urban;40 - 45  MPH;No Control Present;Clear;No
"36.0327601212; -78.9815527261";"{""type"": ""Point"", ""coordinates"": [-78.98155272614135, 36.0327601212143]}";Yes;11-15;13;With Traffic;B: Evident Injury;Travel Lane;White;Male;Durham;Durham;No;Friday;Loss of Control / Turning Error;Intersection;April;15:26;Bicyclist Lost Control - Oversteering, Improper Braking, Speed;2008;B: Evident Injury;Commercial;0-19;16;No;6-10 mph;O: No Injury;White;Female;Sport Utility;No;No;Daylight;Urban (>70% Developed);8 lanes;2.0;Straight - Level;Local Street;Dry;Two-Way, Not Divided;None;Four-Way Intersection;Smooth Asphalt;Urban;30 - 35  MPH;Stop And Go Signal;Clear;No
"35.9089399998; -79.0588999998";"{""type"": ""Point"", ""coordinates"": [-79.05889999975244, 35.908939999779165]}";No;20-24;23;Facing Traffic;C: Possible Injury;Travel Lane;White;Male;Chapel Hill;Orange;Yes;Wednesday;Motorist Failed to Yield - Signalized Intersection;Intersection;July;18:49;Motorist Drive Through - Signalized Intersection;2013;C: Possible Injury;Residential;20-24;21;Yes;26-30 mph;O: No Injury;White;Male;Passenger Car;No;No;Daylight;Urban (>70% Developed);2 lanes;2.0;Straight - Level;Local Street;Dry;Two-Way, Not Divided;None;No Special Feature;Smooth Asphalt;Urban;20 - 25  MPH;Stop And Go Signal;Clear;No
"35.9351000002; -79.0561999998";"{""type"": ""Point"", ""coordinates"": [-79.05619999981158, 35.93510000020516]}";Yes;11-15;12;Facing Traffic;B: Evident Injury;Travel Lane;Black;Male;Chapel Hill;Orange;No;Thursday;Bicyclist Failed to Yield - Signalized Intersection;Intersection;November;18:56;Bicyclist Ride Through - Signalized Intersection;2013;B: Evident Injury;Commercial;0-19;18;No;31-35 mph;O: No Injury;White;Male;Passenger Car;No;No;Dark - Lighted Roadway;Mixed (30% To 70% Developed);5 lanes;2.0;Straight - Level;Local Street;Dry;Two-Way, Not Divided;None;Four-Way Intersection;Smooth Asphalt;Urban;30 - 35  MPH;Stop And Go Signal;Clear;No
"35.9101470919; -79.073202747";"{""type"": ""Point"", ""coordinates"": [-79.07320274701853, 35.910147091900804]}";No;25-29;29;With Traffic;C: Possible Injury;Bike Lane / Paved Shoulder;White;Female;Carrboro;Orange;No;Friday;Motorist Right Turn / Merge;Non-Intersection;September;17:58;Motorist Right Turn - Same Direction;2012;C: Possible Injury;Commercial;0-19;16;No;0-5 mph;O: No Injury;White;Male;Pickup;No;No;Daylight;Urban (>70% Developed);2 lanes;2.0;Straight - Level;Local Street;Dry;Two-Way, Not Divided;None;No Special Feature;Coarse Asphalt;Urban;20 - 25  MPH;No Control Present;Clear;No
"35.9397000987; -79.0546827436";"{""type"": ""Point"", ""coordinates"": [-79.0546827435711, 35.939700098700825]}";Yes;30-39;32;With Traffic;C: Possible Injury;Travel Lane;White;Male;Chapel Hill;Orange;No;Tuesday;Motorist Overtaking Bicyclist;Intersection-Related;September;19:03;Motorist Overtaking - Undetected Bicyclist;2010;C: Possible Injury;Residential;60-69;61;No;31-35 mph;O: No Injury;White;Female;Passenger Car;No;No;Daylight;Urban (>70% Developed);2 lanes;2.0;Straight - Level;Local Street;Dry;Two-Way, Not Divided;None;No Special Feature;Smooth Asphalt;Urban;30 - 35  MPH;No Control Present;Clear;No
"36.0100891165; -78.9899527275";"{""type"": ""Point"", ""coordinates"": [-78.98995272751156, 36.01008911651919]}";No;40-49;49;With Traffic;B: Evident Injury;Travel Lane;White;Male;None - Rural Crash;Durham;No;Thursday;Motorist Failed to Yield - Sign-Controlled Intersection;Intersection;April;17:25;Motorist Drive Out - Sign-Controlled Intersection;2008;B: Evident Injury;Farms, Woods, Pastures;40-49;40;No;Unknown;O: No Injury;White;Female;Passenger Car;No;No;Daylight;Rural (<30% Developed);2 lanes;2.0;Curve - Bottom;State Secondary Route;Dry;Two-Way, Not Divided;None;Four-Way Intersection;Smooth Asphalt;Rural;Unknown;Stop Sign;Clear;No
"35.8452220778; -79.0903127495";"{""type"": ""Point"", ""coordinates"": [-79.09031274951566, 35.84522207781903]}";No;16-19;18;Not Applicable;O: No Injury;Non-Roadway;White;Male;None - Rural Crash;Chatham;No;Thursday;Non-Roadway;Non-Roadway;July;17:35;Non-Roadway;2008;O: No Injury;Commercial;30-39;36;No;11-15 mph;O: No Injury;White;Female;Van;No;No;Daylight;Rural (<30% Developed);Unknown;2.0;Straight - Level;Public Vehicular Area;Dry;Two-Way, Not Divided;None;No Special Feature;Smooth Asphalt;Rural;5 - 15 MPH;No Control Present;Clear;No
"35.9117770926; -79.0595887438";"{""type"": ""Point"", ""coordinates"": [-79.059588743836, 35.911777092581104]}";Yes;16-19;18;With Traffic;B: Evident Injury;Sidewalk / Crosswalk / Driveway Crossing;White;Male;Chapel Hill;Orange;No;Thursday;Bicyclist Failed to Yield - Signalized Intersection;Intersection;November;18:31;Bicyclist Ride Through - Signalized Intersection;2008;B: Evident Injury;Commercial;20-24;23;No;6-10 mph;O: No Injury;White;Female;Light Truck (Mini-Van, Panel);No;No;Dark - Lighted Roadway;Urban (>70% Developed);4 lanes;2.0;Straight - Bottom;Local Street;Wet;Two-Way, Not Divided;None;Four-Way Intersection;Smooth Asphalt;Urban;20 - 25  MPH;Stop And Go Signal;Cloudy;No
"35.8566620804; -79.0867127488";"{""type"": ""Point"", ""coordinates"": [-79.08671274882869, 35.85666208044171]}";Yes;6-10;10;Not Applicable;B: Evident Injury;Driveway / Alley;White;Male;None - Rural Crash;Chatham;No;Tuesday;Bicyclist Failed to Yield - Midblock;Non-Intersection;April;17:18;Bicyclist Ride Out - Residential Driveway;2007;B: Evident Injury;Farms, Woods, Pastures;25-29;26;No;11-15 mph;O: No Injury;White;Male;Passenger Car;No;No;Daylight;Rural (<30% Developed);2 lanes;2.0;Straight - Level;State Secondary Route;Dry;Two-Way, Not Divided;None;Driveway, Private;Coarse Asphalt;Rural;30 - 35  MPH;No Control Present;Clear;No
"35.9004070914; -79.0408027366";"{""type"": ""Point"", ""coordinates"": [-79.04080273660105, 35.90040709137532]}";No;16-19;19;With Traffic;B: Evident Injury;Travel Lane;Asian;Male;Chapel Hill;Orange;No;Wednesday;Bicyclist Left Turn / Merge;Non-Intersection;April;15:27;Bicyclist Left Turn - Same Direction;2012;B: Evident Injury;Institutional;25-29;26;No;11-15 mph;O: No Injury;White;Male;Sport Utility;No;No;Daylight;Urban (>70% Developed);4 lanes;2.0;Straight - Grade;Local Street;Dry;Two-Way, Not Divided;None;No Special Feature;Smooth Asphalt;Urban;20 - 25  MPH;No Control Present;Clear;No
"35.922087095; -79.0517027419";"{""type"": ""Point"", ""coordinates"": [-79.05170274194363, 35.92208709496408]}";No;25-29;27;With Traffic;C: Possible Injury;Travel Lane;White;Female;Chapel Hill;Orange;No;Tuesday;Motorist Failed to Yield - Midblock;Non-Intersection;December;13:30;Motorist Drive Out - Residential Driveway;2012;C: Possible Injury;Farms, Woods, Pastures;20-24;21;No;0-5 mph;O: No Injury;White;Male;Passenger Car;No;No;Daylight;Urban (>70% Developed);2 lanes;2.0;Straight - Grade;Local Street;Dry;Two-Way, Not Divided;None;No Special Feature;Smooth Asphalt;Urban;20 - 25  MPH;Double Yellow Line, No Passing Zone;Clear;No
"35.9464471017; -79.0089027296";"{""type"": ""Point"", ""coordinates"": [-79.00890272957379, 35.94644710174162]}";No;25-29;26;With Traffic;C: Possible Injury;Travel Lane;White;Male;Chapel Hill;Orange;No;Sunday;Motorist Overtaking Bicyclist;Non-Intersection;April;3:20;Motorist Overtaking - Undetected Bicyclist;2008;C: Possible Injury;Commercial;30-39;34;No;36-40 mph;O: No Injury;White;Male;Passenger Car;No;No;Dark - Roadway Not Lighted;Urban (>70% Developed);4 lanes;2.0;Straight - Level;US Route;Wet;Two-Way, Divided, Unprotected Median;None;No Special Feature;Coarse Asphalt;Urban;40 - 45  MPH;No Control Present;Rain;No
"35.918262094; -79.0589777438";"{""type"": ""Point"", ""coordinates"": [-79.0589777438042, 35.91826209400781]}";Yes;11-15;12;Unknown;B: Evident Injury;Travel Lane;Black;Male;Chapel Hill;Orange;No;Saturday;Bicyclist Failed to Yield - Sign-Controlled Intersection;Intersection;May;16:04;Bicyclist Ride Through - Sign-Controlled Intersection;2007;B: Evident Injury;Residential;20-24;22;No;21-25 mph;O: No Injury;White;Male;Passenger Car;No;No;Daylight;Urban (>70% Developed);2 lanes;2.0;Straight - Grade;Local Street;Dry;Two-Way, Not Divided;None;T-Intersection;Smooth Asphalt;Urban;20 - 25  MPH;Stop Sign;Cloudy;No
"35.9050070926; -79.01642273";"{""type"": ""Point"", ""coordinates"": [-79.01642273003033, 35.90500709257154]}";Yes;30-39;30;Facing Traffic;B: Evident Injury;Sidewalk / Crosswalk / Driveway Crossing;Black;Female;Chapel Hill;Orange;No;Friday;Motorist Failed to Yield - Signalized Intersection;Intersection;April;18:33;Motorist Drive Out - Signalized Intersection;2010;B: Evident Injury;Residential;30-39;35;No;6-10 mph;O: No Injury;White;Male;Passenger Car;No;No;Daylight;Urban (>70% Developed);9 or more lanes;2.0;Straight - Grade;NC Route;Dry;Two-Way, Divided, Unprotected Median;None;Four-Way Intersection;Smooth Asphalt;Urban;20 - 25  MPH;Stop And Go Signal;Clear;No
"36.01185; -78.9953999996";"{""type"": ""Point"", ""coordinates"": [-78.99539999956059, 36.0118499999684]}";Yes;50-59;53;With Traffic;B: Evident Injury;Travel Lane;Other;Male;None - Rural Crash;Orange;No;Tuesday;Motorist Overtaking Bicyclist;Non-Intersection;July;19:37;Motorist Overtaking - Undetected Bicyclist;2013;B: Evident Injury;Farms, Woods, Pastures;40-49;46;No;41-45 mph;O: No Injury;Black;Male;Sport Utility;No;No;Daylight;Rural (<30% Developed);2 lanes;2.0;Straight - Grade;State Secondary Route;Dry;Two-Way, Not Divided;None;No Special Feature;Smooth Asphalt;Rural;40 - 45  MPH;Double Yellow Line, No Passing Zone;Clear;No
"35.9254300002; -79.0246999995";"{""type"": ""Point"", ""coordinates"": [-79.02469999947469, 35.925430000193984]}";Yes;70+;0;With Traffic;B: Evident Injury;Bike Lane / Paved Shoulder;White;Male;Chapel Hill;Orange;No;Tuesday;Motorist Overtaking Bicyclist;Non-Intersection;July;16:48;Motorist Overtaking - Other / Unknown;2013;B: Evident Injury;Commercial;40-49;44;No;41-45 mph;O: No Injury;White;Male;Tractor/Semi-Trailer;No;No;Daylight;Urban (>70% Developed);4 lanes;2.0;Straight - Level;US Route;Dry;Two-Way, Divided, Unprotected Median;None;No Special Feature;Smooth Asphalt;Urban;40 - 45  MPH;No Control Present;Clear;No
"35.9117199998; -79.0622000001";"{""type"": ""Point"", ""coordinates"": [-79.06220000005987, 35.91171999975163]}";Yes;20-24;24;With Traffic;B: Evident Injury;Travel Lane;White;Male;Chapel Hill;Orange;No;Wednesday;Motorist Left Turn / Merge;Intersection-Related;October;19:00;Motorist Left Turn - Opposite Direction;2013;B: Evident Injury;Commercial;20-24;23;No;0-5 mph;O: No Injury;White;Male;Passenger Car;No;No;Dark - Lighted Roadway;Urban (>70% Developed);2 lanes;2.0;Straight - Level;Local Street;Dry;Unknown;None;No Special Feature;Concrete;Urban;20 - 25  MPH;No Control Present;Clear;No