geo_point_2d;geo_shape;ambulancer;bikeage_gr;bike_age;bike_dir;bike_injur;bike_pos;bike_race;bike_sex;city;county;crashalcoh;crashday;crash_grp;crash_loc;crash_mont;crash_time;crash_type;crash_year;crsh_sevri;developmen;drvrage_gr;drvr_age;drvr_alc_d;drvr_estsp;drvr_injur;drvr_race;drvr_sex;drvr_vehty;excsspdind;hit_run;light_cond;locality;num_lanes;num_units;rd_charact;rd_class;rd_conditi;rd_config;rd_defects;rd_feature;rd_surface;rural_urba;speed_limi;traff_cntr;weather;workzone_i
"35.910947092; -79.0670027453";"{""type"": ""Point"", ""coordinates"": [-79.06700274526085, 35.91094709203774]}";Yes;50-59;57;With Traffic;B: Evident Injury;Travel Lane;White;Male;Carrboro;Orange;No;Sunday;Motorist Overtaking Bicyclist;Intersection-Related;November;15:29;Motorist Overtaking - Bicyclist Swerved;2012;B: Evident Injury;Commercial;50-59;58;No;11-15 mph;O: No Injury;Black;Male;Pickup;No;No;Daylight;Urban (>70% Developed);Unknown;2.0;Straight - Level;Local Street;Dry;Two-Way, Not Divided;None;No Special Feature;Coarse Asphalt;Urban;20 - 25  MPH;Stop And Go Signal;Clear;No
"35.9110270926; -79.061282744";"{""type"": ""Point"", ""coordinates"": [-79.06128274404988, 35.911027092594004]}";Yes;50-59;56;With Traffic;B: Evident Injury;Travel Lane;Black;Male;Chapel Hill;Orange;No;Wednesday;Head-On;Non-Intersection;May;9:32;Head-On - Motorist;2008;B: Evident Injury;Commercial;Unknown;Unknown;Missing;26-30 mph;Unknown Injury;Unknown/Missing;Unknown;Unknown;No;Yes;Daylight;Urban (>70% Developed);4 lanes;2.0;Straight - Level;Local Street;Wet;Two-Way, Not Divided;None;No Special Feature;Smooth Asphalt;Urban;20 - 25  MPH;Double Yellow Line, No Passing Zone;Rain;No
"35.9110410921; -79.0661427454";"{""type"": ""Point"", ""coordinates"": [-79.066142745353, 35.91104109212996]}";Yes;50-59;51;Facing Traffic;C: Possible Injury;Sidewalk / Crosswalk / Driveway Crossing;Black;Male;Chapel Hill;Orange;No;Friday;Motorist Failed to Yield - Sign-Controlled Intersection;Intersection;May;15:32;Motorist Drive Out - Sign-Controlled Intersection;2009;C: Possible Injury;Commercial;60-69;61;No;0-5 mph;O: No Injury;White;Female;Passenger Car;No;No;Daylight;Urban (>70% Developed);2 lanes;2.0;Straight - Level;Local Street;Dry;Two-Way, Not Divided;None;T-Intersection;Smooth Asphalt;Urban;20 - 25  MPH;Stop Sign;Clear;No
"35.9244270945; -79.0986587557";"{""type"": ""Point"", ""coordinates"": [-79.09865875569659, 35.92442709451901]}";No;30-39;35;Not Applicable;C: Possible Injury;Travel Lane;Hispanic;Male;None - Rural Crash;Orange;No;Friday;Non-Roadway;Non-Roadway;August;18:06;Non-Roadway;2009;C: Possible Injury;Residential;Unknown;Unknown;Missing;11-15 mph;Unknown Injury;Unknown/Missing;Unknown;Pickup;No;No;Dusk;Mixed (30% To 70% Developed);2 lanes;3.0;Straight - Level;Private Road, Driveway;Dry;Two-Way, Not Divided;None;Driveway, Private;Gravel;Rural;5 - 15 MPH;No Control Present;Cloudy;No
"35.9174070924; -79.0941027536";"{""type"": ""Point"", ""coordinates"": [-79.09410275356177, 35.917407092378085]}";Yes;50-59;54;Unknown;A: Disabling Injury;Travel Lane;White;Male;Carrboro;Orange;No;Monday;Crossing Paths - Other Circumstances;Intersection-Related;April;7:58;Crossing Paths - Intersection - Other / Unknown;2011;A: Disabling Injury;Commercial;40-49;49;No;16-20 mph;O: No Injury;White;Female;Van;No;No;Daylight;Urban (>70% Developed);4 lanes;2.0;Curve - Level;NC Route;Dry;Two-Way, Divided, Unprotected Median;None;Related To Intersection;Smooth Asphalt;Urban;40 - 45  MPH;Stop And Go Signal;Cloudy;No
"35.9112170925; -79.0605027439";"{""type"": ""Point"", ""coordinates"": [-79.0605027439476, 35.911217092503136]}";Yes;25-29;28;With Traffic;B: Evident Injury;Travel Lane;White;Female;Chapel Hill;Orange;No;Tuesday;Motorist Left Turn / Merge;Intersection;September;22:51;Motorist Left Turn - Opposite Direction;2011;B: Evident Injury;Commercial;0-19;19;No;0-5 mph;O: No Injury;White;Male;Passenger Car;No;No;Dark - Lighted Roadway;Urban (>70% Developed);4 lanes;2.0;Straight - Level;Local Street;Dry;Two-Way, Not Divided;None;No Special Feature;Smooth Asphalt;Urban;20 - 25  MPH;No Control Present;Clear;No
"35.9099230922; -79.056212742";"{""type"": ""Point"", ""coordinates"": [-79.05621274203419, 35.90992309219657]}";No;50-59;53;With Traffic;C: Possible Injury;Unknown;White;Male;Chapel Hill;Orange;No;Wednesday;Motorist Left Turn / Merge;Non-Intersection;September;8:04;Motorist Left Turn - Opposite Direction;2007;C: Possible Injury;Residential;30-39;34;No;6-10 mph;O: No Injury;White;Male;Passenger Car;No;No;Daylight;Urban (>70% Developed);2 lanes;2.0;Straight - Level;Local Street;Dry;Two-Way, Not Divided;None;No Special Feature;Smooth Asphalt;Urban;20 - 25  MPH;No Control Present;Clear;No
"35.9419799996; -79.0907000003";"{""type"": ""Point"", ""coordinates"": [-79.09070000033552, 35.94197999959656]}";No;30-39;32;With Traffic;O: No Injury;Travel Lane;Black;Male;Carrboro;Orange;No;Wednesday;Bicyclist Overtaking Motorist;Non-Intersection;August;18:04;Bicyclist Overtaking - Parked Vehicle;2013;O: No Injury;Residential;Unknown;Unknown;Missing;Unknown;Unknown Injury;Unknown/Missing;Unknown;Passenger Car;No;No;Daylight;Urban (>70% Developed);2 lanes;2.0;Straight - Level;Local Street;Dry;Two-Way, Not Divided;None;No Special Feature;Smooth Asphalt;Urban;20 - 25  MPH;No Control Present;Clear;No
"35.9228770955; -79.055002742";"{""type"": ""Point"", ""coordinates"": [-79.05500274200448, 35.92287709553583]}";Yes;30-39;35;With Traffic;C: Possible Injury;Bike Lane / Paved Shoulder;White;Male;Chapel Hill;Orange;Yes;Friday;Motorist Right Turn / Merge;Non-Intersection;May;16:03;Motorist Right Turn - Same Direction;2012;C: Possible Injury;Residential;20-24;22;Yes;16-20 mph;O: No Injury;White;Male;Unknown;No;Yes;Daylight;Urban (>70% Developed);4 lanes;2.0;Straight - Grade;NC Route;Dry;Two-Way, Divided, Unprotected Median;None;No Special Feature;Smooth Asphalt;Urban;30 - 35  MPH;Double Yellow Line, No Passing Zone;Cloudy;No
"35.9247870935; -79.1196027626";"{""type"": ""Point"", ""coordinates"": [-79.11960276257408, 35.92478709351283]}";Yes;50-59;51;With Traffic;K: Killed;Travel Lane;Black;Male;None - Rural Crash;Orange;Yes;Sunday;Motorist Overtaking Bicyclist;Non-Intersection;June;0:42;Motorist Overtaking - Other / Unknown;2012;K: Killed;Farms, Woods, Pastures;25-29;27;No;51-55 mph;O: No Injury;Black;Female;Passenger Car;No;No;Dark - Roadway Not Lighted;Rural (<30% Developed);2 lanes;2.0;Curve - Level;NC Route;Dry;Two-Way, Not Divided;None;No Special Feature;Coarse Asphalt;Rural;50 - 55  MPH;Double Yellow Line, No Passing Zone;Clear;No
"35.9304670971; -79.0549027427";"{""type"": ""Point"", ""coordinates"": [-79.05490274271537, 35.93046709711043]}";Yes;20-24;23;Facing Traffic;C: Possible Injury;Sidewalk / Crosswalk / Driveway Crossing;White;Male;Chapel Hill;Orange;No;Friday;Motorist Failed to Yield - Sign-Controlled Intersection;Intersection;May;10:07;Motorist Drive Out - Sign-Controlled Intersection;2011;C: Possible Injury;Commercial;25-29;28;No;Unknown;O: No Injury;White;Female;Sport Utility;No;No;Daylight;Urban (>70% Developed);5 lanes;2.0;Straight - Grade;Private Road, Driveway;Dry;Two-Way, Not Divided;None;Driveway, Public;Smooth Asphalt;Urban;5 - 15 MPH;Stop Sign;Clear;No
"35.9174; -79.0612000005";"{""type"": ""Point"", ""coordinates"": [-79.06120000048443, 35.91739999999003]}";Yes;20-24;20;With Traffic;B: Evident Injury;Travel Lane;White;Male;Chapel Hill;Orange;No;Thursday;Bicyclist Failed to Yield - Sign-Controlled Intersection;Intersection;January;10:45;Bicyclist Ride Through - Sign-Controlled Intersection;2013;B: Evident Injury;Residential;50-59;53;No;11-15 mph;O: No Injury;White;Female;Passenger Car;No;No;Daylight;Urban (>70% Developed);2 lanes;2.0;Straight - Grade;Local Street;Wet;Two-Way, Not Divided;None;No Special Feature;Smooth Asphalt;Urban;20 - 25  MPH;Stop Sign;Cloudy;No
"35.9054200003; -79.0162999997";"{""type"": ""Point"", ""coordinates"": [-79.016299999729, 35.90542000026161]}";No;60-69;64;Facing Traffic;C: Possible Injury;Sidewalk / Crosswalk / Driveway Crossing;Black;Male;Chapel Hill;Orange;No;Wednesday;Motorist Failed to Yield - Signalized Intersection;Intersection;March;10:28;Motorist Drive Out - Right Turn on Red;2013;C: Possible Injury;Residential;60-69;60;No;6-10 mph;O: No Injury;White;Female;Passenger Car;No;No;Daylight;Urban (>70% Developed);3 lanes;2.0;Straight - Level;Local Street;Dry;Two-Way, Not Divided;None;No Special Feature;Smooth Asphalt;Urban;30 - 35  MPH;Stop And Go Signal;Cloudy;No
"35.9276870969; -79.0301727355";"{""type"": ""Point"", ""coordinates"": [-79.03017273554254, 35.9276870969423]}";Yes;60-69;63;With Traffic;C: Possible Injury;Travel Lane;White;Male;Chapel Hill;Orange;No;Tuesday;Motorist Left Turn / Merge;Intersection;November;9:32;Motorist Left Turn - Opposite Direction;2010;C: Possible Injury;Commercial;50-59;58;No;Unknown;O: No Injury;White;Male;Passenger Car;No;No;Daylight;Urban (>70% Developed);5 lanes;2.0;Straight - Grade;State Secondary Route;Dry;Two-Way, Not Divided;None;Four-Way Intersection;Smooth Asphalt;Urban;30 - 35  MPH;Stop And Go Signal;Clear;No
"36.0322271212; -78.9896027284";"{""type"": ""Point"", ""coordinates"": [-78.98960272835374, 36.0322271211577]}";Yes;40-49;44;With Traffic;C: Possible Injury;Travel Lane;White;Male;None - Rural Crash;Orange;Yes;Thursday;Motorist Overtaking Bicyclist;Intersection-Related;April;0:49;Motorist Overtaking - Other / Unknown;2011;C: Possible Injury;Residential;Unknown;Unknown;No;26-30 mph;Unknown Injury;Unknown/Missing;Unknown;Unknown;No;Yes;Dark - Roadway Not Lighted;Mixed (30% To 70% Developed);9 or more lanes;2.0;Straight - Grade;State Secondary Route;Dry;Two-Way, Not Divided;None;No Special Feature;Smooth Asphalt;Rural;40 - 45  MPH;Double Yellow Line, No Passing Zone;Clear;No
"35.915260094; -79.0568027424";"{""type"": ""Point"", ""coordinates"": [-79.05680274235331, 35.91526009397395]}";Yes;25-29;28;With Traffic;B: Evident Injury;Travel Lane;White;Male;Chapel Hill;Orange;No;Friday;Motorist Left Turn / Merge;Intersection;March;18:32;Motorist Left Turn - Opposite Direction;2010;B: Evident Injury;Residential;25-29;26;No;16-20 mph;O: No Injury;Black;Female;Passenger Car;No;No;Daylight;Urban (>70% Developed);5 lanes;2.0;Curve - Grade;Local Street;Dry;Two-Way, Not Divided;None;Four-Way Intersection;Smooth Asphalt;Urban;30 - 35  MPH;Yield Sign;Clear;No
"35.9098670932; -79.04728274";"{""type"": ""Point"", ""coordinates"": [-79.0472827399995, 35.90986709315614]}";Yes;30-39;39;With Traffic;B: Evident Injury;Travel Lane;Native American;Male;Chapel Hill;Orange;No;Wednesday;Parking / Bus-Related;Non-Intersection;October;7:56;Motorist Drive In / Out - Parking;2008;B: Evident Injury;Institutional;30-39;36;No;0-5 mph;O: No Injury;White;Male;Sport Utility;No;No;Daylight;Mixed (30% To 70% Developed);2 lanes;2.0;Straight - Level;Local Street;Dry;Two-Way, Not Divided;None;No Special Feature;Smooth Asphalt;Urban;20 - 25  MPH;Missing;Clear;No
"35.9037570912; -79.0527027412";"{""type"": ""Point"", ""coordinates"": [-79.05270274116236, 35.90375709115476]}";No;60-69;60;With Traffic;O: No Injury;Travel Lane;White;Male;Chapel Hill;Orange;No;Wednesday;Bicyclist Overtaking Motorist;Intersection;September;11:00;Bicyclist Overtaking - Passing on Left;2011;O: No Injury;Institutional;50-59;59;No;11-15 mph;Unknown Injury;Black;Female;Other Bus;No;No;Daylight;Mixed (30% To 70% Developed);2 lanes;2.0;Straight - Level;Local Street;Dry;Two-Way, Not Divided;None;No Special Feature;Smooth Asphalt;Urban;20 - 25  MPH;Stop And Go Signal;Clear;No
"35.9956599996; -79.0543999995";"{""type"": ""Point"", ""coordinates"": [-79.0543999995159, 35.995659999634974]}";No;50-59;58;With Traffic;B: Evident Injury;Travel Lane;White;Male;None - Rural Crash;Orange;No;Sunday;Motorist Overtaking Bicyclist;Non-Intersection;February;13:00;Motorist Overtaking - Other / Unknown;2013;B: Evident Injury;Farms, Woods, Pastures;70+;70+;No;41-45 mph;O: No Injury;White;Female;Van;No;No;Daylight;Rural (<30% Developed);2 lanes;2.0;Straight - Level;State Secondary Route;Dry;Two-Way, Not Divided;None;No Special Feature;Smooth Asphalt;Rural;40 - 45  MPH;Double Yellow Line, No Passing Zone;Clear;No
"35.9075230917; -79.062782744";"{""type"": ""Point"", ""coordinates"": [-79.06278274395892, 35.907523091704945]}";Yes;11-15;13;With Traffic;C: Possible Injury;Bike Lane / Paved Shoulder;White;Female;Chapel Hill;Orange;No;Monday;Motorist Left Turn / Merge;Intersection;November;17:42;Motorist Left Turn - Opposite Direction;2009;C: Possible Injury;Residential;30-39;34;No;21-25 mph;O: No Injury;Black;Male;Passenger Car;No;No;Dark - Lighted Roadway;Urban (>70% Developed);2 lanes;2.0;Straight - Level;Local Street;Wet;Two-Way, Divided, Unprotected Median;None;No Special Feature;Smooth Asphalt;Urban;20 - 25  MPH;No Control Present;Cloudy;No
"35.9207670937; -79.0860027521";"{""type"": ""Point"", ""coordinates"": [-79.08600275205306, 35.9207670937152]}";Yes;20-24;22;With Traffic;B: Evident Injury;Travel Lane;White;Female;Carrboro;Orange;No;Friday;Motorist Left Turn / Merge;Intersection;September;17:45;Motorist Left Turn - Opposite Direction;2012;B: Evident Injury;Residential;20-24;20;No;16-20 mph;O: No Injury;White;Male;Passenger Car;No;No;Daylight;Urban (>70% Developed);2 lanes;2.0;Straight - Level;Local Street;Dry;Two-Way, Not Divided;None;Related To Intersection;Coarse Asphalt;Urban;30 - 35  MPH;No Control Present;Clear;No
"35.916887094; -79.0459027398";"{""type"": ""Point"", ""coordinates"": [-79.04590273975347, 35.91688709404356]}";Yes;20-24;24;With Traffic;B: Evident Injury;Travel Lane;White;Female;Chapel Hill;Orange;No;Monday;Motorist Left Turn / Merge;Intersection;October;16:39;Motorist Left Turn - Opposite Direction;2012;B: Evident Injury;Residential;70+;70+;No;6-10 mph;O: No Injury;White;Female;Passenger Car;No;No;Daylight;Urban (>70% Developed);4 lanes;2.0;Straight - Grade;Local Street;Dry;Two-Way, Not Divided;None;Four-Way Intersection;Smooth Asphalt;Urban;30 - 35  MPH;Stop And Go Signal;Clear;No
"35.943357102; -78.9831927216";"{""type"": ""Point"", ""coordinates"": [-78.98319272161636, 35.94335710203739]}";Yes;20-24;22;With Traffic;A: Disabling Injury;Travel Lane;White;Male;Durham;Durham;Yes;Saturday;Motorist Left Turn / Merge;Intersection;August;23:51;Motorist Left Turn - Opposite Direction;2009;A: Disabling Injury;Residential;25-29;26;No;31-35 mph;O: No Injury;Black;Female;Passenger Car;No;Yes;Dark - Roadway Not Lighted;Urban (>70% Developed);2 lanes;2.0;Straight - Grade;Local Street;Dry;Two-Way, Not Divided;None;Four-Way Intersection;Smooth Asphalt;Urban;30 - 35  MPH;Stop And Go Signal;Clear;No
"35.8830070866; -79.0698267451";"{""type"": ""Point"", ""coordinates"": [-79.06982674509997, 35.883007086647844]}";Yes;6-10;9;With Traffic;C: Possible Injury;Sidewalk / Crosswalk / Driveway Crossing;White;Male;Chapel Hill;Orange;No;Wednesday;Motorist Right Turn / Merge;Intersection;September;7:35;Motorist Right Turn - Same Direction;2009;C: Possible Injury;Residential;40-49;43;No;0-5 mph;O: No Injury;Asian;Female;Light Truck (Mini-Van, Panel);No;No;Daylight;Urban (>70% Developed);2 lanes;2.0;Straight - Level;Local Street;Dry;Two-Way, Not Divided;None;Y-Intersection;Smooth Asphalt;Urban;20 - 25  MPH;Stop Sign;Clear;No
"35.908867092; -79.0593027431";"{""type"": ""Point"", ""coordinates"": [-79.05930274311167, 35.90886709204745]}";No;20-24;21;With Traffic;B: Evident Injury;Travel Lane;White;Female;Chapel Hill;Orange;No;Friday;Motorist Right Turn / Merge;Intersection;August;12:23;Motorist Right Turn - Same Direction;2011;B: Evident Injury;Residential;50-59;52;No;16-20 mph;O: No Injury;White;Female;Pickup;No;No;Daylight;Urban (>70% Developed);3 lanes;2.0;Straight - Level;Local Street;Dry;Two-Way, Not Divided;None;T-Intersection;Smooth Asphalt;Urban;20 - 25  MPH;No Control Present;Clear;No
"35.9034990904; -79.072432747";"{""type"": ""Point"", ""coordinates"": [-79.07243274700298, 35.90349909035316]}";No;20-24;23;With Traffic;C: Possible Injury;Travel Lane;White;Male;Carrboro;Orange;No;Saturday;Motorist Overtaking Bicyclist;Non-Intersection;September;11:35;Motorist Overtaking - Misjudged Space;2010;C: Possible Injury;Residential;Unknown;Unknown;No;21-25 mph;Unknown Injury;Unknown/Missing;Unknown;Unknown;No;Yes;Daylight;Urban (>70% Developed);2 lanes;2.0;Straight - Hillcrest;Local Street;Dry;Two-Way, Not Divided;None;No Special Feature;Coarse Asphalt;Urban;20 - 25  MPH;No Control Present;Clear;No
"35.9037740898; -79.0911627523";"{""type"": ""Point"", ""coordinates"": [-79.0911627523238, 35.90377408980926]}";Yes;16-19;19;Facing Traffic;B: Evident Injury;Travel Lane;White;Male;Carrboro;Orange;No;Monday;Bicyclist Right Turn / Merge;Intersection;October;15:46;Bicyclist Right Turn - Same Direction;2008;B: Evident Injury;Residential;60-69;64;No;21-25 mph;O: No Injury;White;Female;Passenger Car;No;No;Daylight;Urban (>70% Developed);3 lanes;2.0;Straight - Grade;Local Street;Dry;Two-Way, Not Divided;None;Four-Way Intersection;Smooth Asphalt;Urban;30 - 35  MPH;Stop And Go Signal;Clear;No
"35.8849140869; -79.0670877444";"{""type"": ""Point"", ""coordinates"": [-79.06708774440911, 35.88491408691178]}";No;6-10;8;Not Applicable;C: Possible Injury;Driveway / Alley;White;Male;Chapel Hill;Orange;No;Friday;Bicyclist Failed to Yield - Midblock;Non-Intersection;December;15:42;Bicyclist Ride Out - Residential Driveway;2008;C: Possible Injury;Residential;40-49;48;No;16-20 mph;O: No Injury;White;Female;Passenger Car;No;No;Daylight;Urban (>70% Developed);2 lanes;2.0;Straight - Hillcrest;Local Street;Dry;Two-Way, Not Divided;None;No Special Feature;Smooth Asphalt;Urban;20 - 25  MPH;Missing;Clear;No
"35.9052040917; -79.0551127419";"{""type"": ""Point"", ""coordinates"": [-79.05511274189362, 35.905204091726375]}";Yes;30-39;34;Facing Traffic;C: Possible Injury;Travel Lane;Asian;Male;Chapel Hill;Orange;No;Tuesday;Loss of Control / Turning Error;Intersection;July;17:24;Bicyclist Turning Error - Left Turn;2007;C: Possible Injury;Residential;30-39;39;No;0-5 mph;O: No Injury;White;Male;Passenger Car;No;No;Daylight;Urban (>70% Developed);2 lanes;2.0;Straight - Level;Local Street;Wet;Two-Way, Not Divided;None;T-Intersection;Smooth Asphalt;Urban;20 - 25  MPH;Stop Sign;Rain;No
"35.9666511079; -78.9674927182";"{""type"": ""Point"", ""coordinates"": [-78.9674927182438, 35.966651107914345]}";Yes;50-59;52;With Traffic;A: Disabling Injury;Travel Lane;White;Male;Durham;Durham;No;Monday;Motorist Overtaking Bicyclist;Non-Intersection;April;20:25;Motorist Overtaking - Undetected Bicyclist;2007;A: Disabling Injury;Commercial;20-24;20;No;41-45 mph;O: No Injury;White;Female;Passenger Car;No;No;Dark - Roadway Not Lighted;Urban (>70% Developed);4 lanes;2.0;Straight - Grade;Local Street;Dry;Two-Way, Divided, Unprotected Median;None;On or Off Ramp;Smooth Asphalt;Urban;40 - 45  MPH;No Control Present;Clear;No
"36.0326531213; -78.9825627263";"{""type"": ""Point"", ""coordinates"": [-78.98256272627279, 36.03265312134438]}";Yes;40-49;41;With Traffic;B: Evident Injury;Travel Lane;White;Male;Durham;Durham;No;Wednesday;Motorist Overtaking Bicyclist;Non-Intersection;May;19:23;Motorist Overtaking - Misjudged Space;2007;B: Evident Injury;Commercial;40-49;41;No;41-45 mph;O: No Injury;White;Female;Van;No;No;Daylight;Urban (>70% Developed);2 lanes;2.0;Straight - Level;Local Street;Dry;Two-Way, Not Divided;None;No Special Feature;Coarse Asphalt;Urban;40 - 45  MPH;No Control Present;Clear;No
"35.9470500002; -79.1303000005";"{""type"": ""Point"", ""coordinates"": [-79.13030000048097, 35.9470500002272]}";Yes;50-59;56;With Traffic;B: Evident Injury;Travel Lane;White;Male;None - Rural Crash;Orange;No;Saturday;Motorist Left Turn / Merge;Intersection;April;16:42;Motorist Left Turn - Opposite Direction;2013;B: Evident Injury;Farms, Woods, Pastures;70+;70+;No;41-45 mph;O: No Injury;Black;Male;Passenger Car;No;No;Daylight;Rural (<30% Developed);2 lanes;2.0;Straight - Level;State Secondary Route;Dry;Two-Way, Not Divided;None;T-Intersection;Smooth Asphalt;Rural;40 - 45  MPH;Double Yellow Line, No Passing Zone;Clear;No
"35.9486699999; -78.9689000002";"{""type"": ""Point"", ""coordinates"": [-78.96890000017727, 35.948669999861636]}";No;11-15;15;With Traffic;C: Possible Injury;Sidewalk / Crosswalk / Driveway Crossing;Black;Male;Durham;Durham;No;Monday;Bicyclist Failed to Yield - Signalized Intersection;Intersection;April;18:50;Bicyclist Ride Out - Signalized  Intersection;2013;C: Possible Injury;Industrial;30-39;30;No;41-45 mph;O: No Injury;White;Male;Sport Utility;No;No;Daylight;Urban (>70% Developed);2 lanes;2.0;Straight - Level;Local Street;Dry;Two-Way, Not Divided;None;No Special Feature;Smooth Asphalt;Urban;40 - 45  MPH;No Control Present;Clear;No
"35.9116930924; -79.0622527444";"{""type"": ""Point"", ""coordinates"": [-79.06225274442507, 35.9116930924062]}";No;25-29;27;With Traffic;B: Evident Injury;Sidewalk / Crosswalk / Driveway Crossing;White;Female;Chapel Hill;Orange;No;Tuesday;Motorist Right Turn / Merge;Non-Intersection;May;20:34;Motorist Right Turn - Same Direction;2008;B: Evident Injury;Commercial;20-24;21;No;11-15 mph;O: No Injury;White;Female;Sport Utility;No;No;Dusk;Urban (>70% Developed);2 lanes;2.0;Straight - Hillcrest;Public Vehicular Area;Dry;Two-Way, Not Divided;None;Driveway, Private;Smooth Asphalt;Urban;5 - 15 MPH;Missing;Clear;No
"35.9066920909; -79.0836667501";"{""type"": ""Point"", ""coordinates"": [-79.08366675012236, 35.906692090910965]}";Yes;40-49;41;Not Applicable;C: Possible Injury;Unknown;White;Male;Carrboro;Orange;Yes;Thursday;Bicyclist Failed to Yield - Midblock;Non-Intersection;October;15:08;Bicyclist Ride Out - Midblock - Unknown;2009;C: Possible Injury;Residential;30-39;37;No;31-35 mph;O: No Injury;Other;Male;Passenger Car;No;No;Daylight;Urban (>70% Developed);5 lanes;2.0;Straight - Hillcrest;Local Street;Dry;Two-Way, Not Divided;None;No Special Feature;Coarse Asphalt;Urban;30 - 35  MPH;No Control Present;Clear;No
"35.9146270937; -79.0518677406";"{""type"": ""Point"", ""coordinates"": [-79.05186774062639, 35.914627093725144]}";Yes;20-24;20;With Traffic;B: Evident Injury;Bike Lane / Paved Shoulder;White;Male;Chapel Hill;Orange;No;Sunday;Bicyclist Overtaking Motorist;Non-Intersection;October;20:04;Bicyclist Overtaking - Parked Vehicle;2010;B: Evident Injury;Institutional;Unknown;Unknown;Missing;Unknown;Unknown Injury;Unknown/Missing;Unknown;Passenger Car;No;No;Dark - Lighted Roadway;Urban (>70% Developed);4 lanes;2.0;Straight - Level;Local Street;Dry;Two-Way, Divided, Unprotected Median;None;No Special Feature;Smooth Asphalt;Urban;20 - 25  MPH;No Control Present;Clear;No
"35.9167570945; -79.0433377385";"{""type"": ""Point"", ""coordinates"": [-79.04333773853139, 35.916757094547236]}";Yes;30-39;31;With Traffic;C: Possible Injury;Travel Lane;White;Male;Chapel Hill;Orange;No;Thursday;Motorist Right Turn / Merge;Non-Intersection;January;18:00;Motorist Right Turn - Same Direction;2010;C: Possible Injury;Residential;Unknown;Unknown;Missing;Unknown;Unknown Injury;Unknown/Missing;Unknown;Unknown;No;Yes;Dark - Lighted Roadway;Urban (>70% Developed);4 lanes;2.0;Straight - Grade;Local Street;Wet;Two-Way, Not Divided;None;No Special Feature;Smooth Asphalt;Urban;30 - 35  MPH;No Control Present;Rain;No
"35.9088470921; -79.0593027428";"{""type"": ""Point"", ""coordinates"": [-79.05930274282764, 35.908847092122464]}";No;20-24;22;With Traffic;B: Evident Injury;Travel Lane;White;Male;Chapel Hill;Orange;No;Tuesday;Motorist Left Turn / Merge;Intersection;July;17:24;Motorist Left Turn - Opposite Direction;2012;B: Evident Injury;Residential;0-19;16;No;21-25 mph;O: No Injury;White;Male;Pickup;No;No;Daylight;Urban (>70% Developed);2 lanes;2.0;Straight - Level;Local Street;Dry;Two-Way, Not Divided;None;T-Intersection;Coarse Asphalt;Urban;20 - 25  MPH;No Control Present;Clear;No
"35.9122170933; -79.0503027406";"{""type"": ""Point"", ""coordinates"": [-79.0503027405566, 35.9122170933067]}";Yes;20-24;21;With Traffic;B: Evident Injury;Travel Lane;White;Female;Chapel Hill;Orange;No;Tuesday;Bicyclist Overtaking Motorist;Intersection-Related;August;12:41;Bicyclist Overtaking - Passing on Right;2012;B: Evident Injury;Commercial;60-69;63;No;Unknown;O: No Injury;White;Male;Passenger Car;No;No;Daylight;Urban (>70% Developed);2 lanes;2.0;Straight - Level;Local Street;Dry;Two-Way, Not Divided;None;No Special Feature;Coarse Asphalt;Urban;20 - 25  MPH;Stop Sign;Cloudy;No
"35.9352790982; -79.0560177439";"{""type"": ""Point"", ""coordinates"": [-79.05601774388467, 35.93527909823596]}";Yes;30-39;33;Facing Traffic;B: Evident Injury;Sidewalk / Crosswalk / Driveway Crossing;White;Male;Chapel Hill;Orange;No;Friday;Crossing Paths - Other Circumstances;Intersection;September;20:39;Signalized Intersection - Other / Unknown;2008;B: Evident Injury;Residential;30-39;31;No;Unknown;O: No Injury;White;Female;Passenger Car;No;No;Dark - Roadway Not Lighted;Urban (>70% Developed);5 lanes;2.0;Straight - Level;Local Street;Water (Standing, Moving);Two-Way, Divided, Unprotected Median;None;Four-Way Intersection;Smooth Asphalt;Urban;30 - 35  MPH;Stop And Go Signal;Rain;No
"35.9239650943; -79.0903527532";"{""type"": ""Point"", ""coordinates"": [-79.09035275315159, 35.92396509431087]}";No;25-29;29;With Traffic;B: Evident Injury;Travel Lane;White;Female;Carrboro;Orange;No;Tuesday;Motorist Failed to Yield - Midblock;Non-Intersection;December;17:45;Motorist Drive Out - Residential Driveway;2009;B: Evident Injury;Residential;40-49;43;No;0-5 mph;O: No Injury;White;Male;Passenger Car;No;No;Dark - Roadway Not Lighted;Urban (>70% Developed);Unknown;2.0;Straight - Level;Local Street;Dry;Two-Way, Not Divided;None;No Special Feature;Coarse Asphalt;Urban;30 - 35  MPH;No Control Present;Clear;No
"35.9721371015; -79.1631877776";"{""type"": ""Point"", ""coordinates"": [-79.16318777760668, 35.9721371015332]}";Yes;20-24;22;With Traffic;C: Possible Injury;Travel Lane;White;Male;None - Rural Crash;Orange;No;Thursday;Motorist Overtaking Bicyclist;Intersection;April;16:38;Motorist Overtaking - Other / Unknown;2010;C: Possible Injury;Farms, Woods, Pastures;Unknown;Unknown;No;41-45 mph;Unknown Injury;Unknown/Missing;Unknown;Unknown;No;Yes;Daylight;Rural (<30% Developed);2 lanes;2.0;Straight - Level;State Secondary Route;Dry;Two-Way, Divided, Unprotected Median;None;Four-Way Intersection;Smooth Asphalt;Rural;40 - 45  MPH;Double Yellow Line, No Passing Zone;Clear;No